Defense,Attacker,ASR
Bundle_All,Adaptive,0.46888888888888886
Bundle_All,Defense_Aware,0.3522222222222222
Bundle_All,Static,0.2806666666666666
Bundle_D1_D3_D4_D6,Adaptive,0.5286666666666666
Bundle_D1_D3_D4_D6,Defense_Aware,0.45311111111111113
Bundle_D1_D3_D4_D6,Static,0.35533333333333333
None,Adaptive,0.9184444444444444
None,Defense_Aware,0.8180000000000001
None,Static,0.7493333333333333
