Defense,DDR,ASR,FPR_D,DOI
Bundle_All,0.2748888888888889,0.3522222222222222,0.12066666666666667,1.6280615796691678
Bundle_D1_D3_D4_D6,0.23844444444444443,0.45311111111111113,0.094,1.4407570881997662
D1_Input_Sanitization,0.13133333333333333,0.6848888888888889,0.04977777777777778,1.2426387157746406
D2_Tool_Attestation,0.15333333333333332,0.6055555555555556,0.01911111111111111,1.2212411838784256
D3_Response_Verification,0.14777777777777779,0.6391111111111112,0.03155555555555555,1.2654841261572427
D4_Agent_Isolation,0.09977777777777778,0.6706666666666666,0.022444444444444444,1.2317865933489685
D5_Consensus_Protocol,0.14777777777777779,0.6435555555555555,0.060888888888888895,1.3306245304162903
D6_Behavioral_Monitoring,0.1251111111111111,0.6915555555555556,0.04111111111111111,1.20959292281951
None,0.0,0.8180000000000001,0.0,1.1552080967257385
